lower,upper,count,mean_prediction,empirical_rate
0.0,0.2,3,0.0724,0.0
0.2,0.4,2,0.3324,0.0
0.4,0.6000000000000001,3,0.5525,0.3333
0.6000000000000001,0.8,4,0.7349,1.0
0.8,1.0,0,0.0,0.0
